lat,lon,timestamp
37.77521708760717,-122.418489362593,2025-02-16 15:30:37.020819
37.77549671458705,-122.41847901154063,2025-02-16 15:18:21.020819
37.77528268760745,-122.41929927421612,2025-02-16 15:20:29.020819
37.77493241859342,-122.41885241921855,2025-02-16 15:20:16.020819
37.77548123138228,-122.4186440245152,2025-02-16 15:31:15.020819
37.77541812432503,-122.4192782618586,2025-02-16 15:24:56.020819
37.77509375966721,-122.4187589043206,2025-02-16 15:22:20.020819
37.774972394084564,-122.41863814001012,2025-02-16 15:24:09.020819
37.77543859080326,-122.41912724026847,2025-02-16 15:24:56.020819
37.77497349986671,-122.41859160584877,2025-02-16 15:21:27.020819
37.775036981142215,-122.41927063265702,2025-02-16 15:17:57.020819
37.77541278695744,-122.41913100401361,2025-02-16 15:30:19.020819
37.775119529994925,-122.41923304754465,2025-02-16 15:21:10.020819
37.775250372483285,-122.41927371166368,2025-02-16 15:31:44.020819
37.775068557476516,-122.4191246024437,2025-02-16 15:32:04.020819
37.77510268403627,-122.41843245329113,2025-02-16 15:26:18.020819
37.7751769607868,-122.4192723543519,2025-02-16 15:22:56.020819
37.77532878409674,-122.41936600158947,2025-02-16 15:29:08.020819
37.77497881617482,-122.41908578273978,2025-02-16 15:26:19.020819
37.77534589255392,-122.41845687891724,2025-02-16 15:22:52.020819
37.77514607705731,-122.41920678864318,2025-02-16 15:24:02.020819
37.775192636557186,-122.41854603841666,2025-02-16 15:22:38.020819
37.775321935256116,-122.41873404723543,2025-02-16 15:27:10.020819
37.77503451373933,-122.41841277159656,2025-02-16 15:22:54.020819
37.7752780245259,-122.41923080322958,2025-02-16 15:20:59.020819
37.77528664467779,-122.41844737833972,2025-02-16 15:23:12.020819
37.775364956860344,-122.41842356200586,2025-02-16 15:19:15.020819
37.77520755234892,-122.41902221905097,2025-02-16 15:27:33.020819
37.77522047207882,-122.41898366852371,2025-02-16 15:28:43.020819
37.77492915238264,-122.41842454806151,2025-02-16 15:23:28.020819
37.77548939583018,-122.41896840572278,2025-02-16 15:22:36.020819
37.77524743052839,-122.41923132830019,2025-02-16 15:32:06.020819
37.775115561007745,-122.41883726802408,2025-02-16 15:26:40.020819
37.775380839268266,-122.41879471804174,2025-02-16 15:24:44.020819
37.77496390146749,-122.41851601734851,2025-02-16 15:25:11.020819
37.77518508062397,-122.41875992229635,2025-02-16 15:31:36.020819
37.77529150088581,-122.41848900926776,2025-02-16 15:24:30.020819
37.775287083518094,-122.41923683442747,2025-02-16 15:30:15.020819
37.77494581794559,-122.41867278004473,2025-02-16 15:18:27.020819
37.77523596616159,-122.4190801817506,2025-02-16 15:27:45.020819
37.77536791014674,-122.41929127740569,2025-02-16 15:19:51.020819
37.7754799621924,-122.41914396927588,2025-02-16 15:31:54.020819
37.775267733872674,-122.4186164752034,2025-02-16 15:24:10.020819
37.774971518734,-122.4188043188488,2025-02-16 15:30:39.020819
37.77545890764517,-122.41870213043967,2025-02-16 15:23:55.020819
37.775437037121335,-122.41911309013939,2025-02-16 15:20:20.020819
37.77506843140678,-122.41890662151917,2025-02-16 15:30:45.020819
37.775037187028104,-122.41898322195497,2025-02-16 15:19:30.020819
37.775199119949065,-122.41918079527264,2025-02-16 15:24:16.020819
37.77498880814803,-122.41885026650584,2025-02-16 15:18:03.020819
37.77503009254932,-122.41892726062035,2025-02-16 15:19:29.020819
37.77534707950722,-122.41868215722242,2025-02-16 15:17:26.020819
37.77523436125452,-122.41847380463051,2025-02-16 15:29:46.020819
37.77540790044253,-122.41891184877215,2025-02-16 15:22:58.020819
37.775399897215905,-122.41872026524693,2025-02-16 15:17:33.020819
37.77510422187922,-122.41842108810603,2025-02-16 15:31:41.020819
37.775198021747244,-122.41868127447758,2025-02-16 15:27:26.020819
37.77519520797552,-122.41902120992778,2025-02-16 15:29:09.020819
37.77539874660911,-122.41890634242377,2025-02-16 15:22:53.020819
37.77524125968979,-122.41872799853836,2025-02-16 15:29:12.020819
37.77494153693963,-122.41870400093391,2025-02-16 15:29:56.020819
37.774953969607274,-122.41914813154341,2025-02-16 15:30:31.020819
37.77495335913822,-122.4186202393392,2025-02-16 15:27:06.020819
37.775463296953305,-122.41916608272854,2025-02-16 15:31:27.020819
37.77506051242196,-122.41931532938747,2025-02-16 15:23:33.020819
37.77512678945532,-122.41918968195994,2025-02-16 15:25:18.020819
37.775358427111314,-122.41914811483599,2025-02-16 15:25:07.020819
37.775131087395174,-122.41922473996516,2025-02-16 15:28:02.020819
37.7749118139005,-122.41937314396242,2025-02-16 15:26:06.020819
37.77523209388942,-122.41845701519138,2025-02-16 15:22:30.020819
37.775316913946426,-122.41902174454398,2025-02-16 15:28:48.020819
37.77509515472936,-122.41862417408713,2025-02-16 15:25:04.020819
37.77538284754204,-122.41876085440117,2025-02-16 15:26:57.020819
37.7754333640425,-122.41934912396972,2025-02-16 15:18:15.020819
37.77516712501045,-122.41886354707516,2025-02-16 15:31:26.020819
37.77535748968457,-122.41917027974311,2025-02-16 15:19:37.020819
37.775057097196324,-122.41883602962704,2025-02-16 15:26:07.020819
37.77502184243104,-122.4189871160167,2025-02-16 15:20:50.020819
37.775045713991005,-122.41901163146164,2025-02-16 15:22:10.020819
37.7751443100521,-122.41864944319494,2025-02-16 15:25:52.020819
37.77517899212993,-122.41896602103384,2025-02-16 15:20:46.020819
37.77510403668897,-122.41901916028884,2025-02-16 15:18:55.020819
37.77545241645999,-122.41843687962358,2025-02-16 15:21:02.020819
37.77539616045309,-122.41928304473849,2025-02-16 15:28:20.020819
37.77527398092115,-122.41870520784212,2025-02-16 15:23:01.020819
37.77546273839165,-122.418911429275,2025-02-16 15:29:11.020819
37.77490941931036,-122.41866471779848,2025-02-16 15:19:18.020819
37.775067457893314,-122.41847669018485,2025-02-16 15:24:40.020819
37.7753469220999,-122.41841013892815,2025-02-16 15:28:42.020819
37.77509748001654,-122.41861477579859,2025-02-16 15:22:09.020819
37.77543484749195,-122.4191642449363,2025-02-16 15:21:01.020819
37.77527517780753,-122.41911822170653,2025-02-16 15:23:30.020819
37.7751470601705,-122.41898692877542,2025-02-16 15:31:29.020819
37.7752997220234,-122.41901743765727,2025-02-16 15:23:01.020819
37.77541225863025,-122.41928735395483,2025-02-16 15:25:14.020819
37.77533502548573,-122.41907342139822,2025-02-16 15:31:50.020819
37.775411474692405,-122.4189392783022,2025-02-16 15:24:38.020819
37.77527592963558,-122.41895894188998,2025-02-16 15:25:00.020819
37.77508986702578,-122.41892319067097,2025-02-16 15:20:27.020819
37.77548309289577,-122.41917417453587,2025-02-16 15:19:23.020819
37.77530454290665,-122.41926960275708,2025-02-16 15:20:59.020819
37.77524293831156,-122.41918524104055,2025-02-16 15:25:36.020819
37.774970026836925,-122.41860626580706,2025-02-16 15:18:16.020819
37.775172671057334,-122.41927110103963,2025-02-16 15:19:17.020819
37.7749378499724,-122.41938663394497,2025-02-16 15:27:04.020819
37.77514457331132,-122.41910077720524,2025-02-16 15:28:08.020819
37.77525625859517,-122.41863111193643,2025-02-16 15:28:57.020819
37.77545224879513,-122.41910576426358,2025-02-16 15:28:18.020819
37.774985374899174,-122.4185949791656,2025-02-16 15:29:04.020819
37.7749192351217,-122.41927774156379,2025-02-16 15:22:41.020819
37.77507289862992,-122.41932015984285,2025-02-16 15:29:50.020819
37.7754132911057,-122.41911461970936,2025-02-16 15:21:45.020819
37.77540952976305,-122.4186510636968,2025-02-16 15:27:08.020819
37.77500381606177,-122.41870595040628,2025-02-16 15:18:57.020819
37.7750817096161,-122.41916822045125,2025-02-16 15:19:45.020819
37.77536517698795,-122.4192104990213,2025-02-16 15:29:32.020819
37.77498189738099,-122.4188477354682,2025-02-16 15:26:34.020819
37.77507992329572,-122.41864596229621,2025-02-16 15:21:33.020819
37.77546640848295,-122.41858393686925,2025-02-16 15:22:54.020819
37.775330372851776,-122.41901461229371,2025-02-16 15:23:07.020819
37.77531997516371,-122.41849150327097,2025-02-16 15:29:11.020819
37.77498256196548,-122.41880639976418,2025-02-16 15:28:12.020819
37.775204864127744,-122.41844812451541,2025-02-16 15:32:04.020819
37.77519417063605,-122.41856149108666,2025-02-16 15:21:44.020819
37.77539755914512,-122.41865109351575,2025-02-16 15:22:32.020819
37.7752950936273,-122.41902992443211,2025-02-16 15:18:45.020819
37.7753051062748,-122.4185124146301,2025-02-16 15:23:02.020819
37.77498824044623,-122.4188714877848,2025-02-16 15:23:31.020819
37.77503813390111,-122.4190803595789,2025-02-16 15:20:03.020819
37.77515209824896,-122.4188969744609,2025-02-16 15:28:18.020819
37.775486818574365,-122.41872334699391,2025-02-16 15:23:40.020819
37.7751541938233,-122.41906337988645,2025-02-16 15:20:18.020819
37.775220554630714,-122.4192692438459,2025-02-16 15:19:37.020819
37.77512740812831,-122.41841867018357,2025-02-16 15:27:18.020819
37.775095128435495,-122.41903986076292,2025-02-16 15:30:00.020819
37.77537045755023,-122.41846996684754,2025-02-16 15:29:11.020819
37.775301059533696,-122.41917627457451,2025-02-16 15:21:41.020819
37.77511682054641,-122.41896954569937,2025-02-16 15:17:22.020819
37.77525693096101,-122.41853321481345,2025-02-16 15:19:45.020819
37.77541068893182,-122.41896870970325,2025-02-16 15:29:22.020819
37.775329675438634,-122.41858341901622,2025-02-16 15:27:22.020819
37.775218766670434,-122.41889589154928,2025-02-16 15:25:26.020819
37.77514789745945,-122.41908338285728,2025-02-16 15:29:32.020819
37.77505396143669,-122.41886453097251,2025-02-16 15:24:14.020819
37.77545813420939,-122.41875780619336,2025-02-16 15:31:16.020819
37.77498412231903,-122.41909553837687,2025-02-16 15:17:28.020819
37.774900122154264,-122.41847274039772,2025-02-16 15:19:24.020819
37.77528457998182,-122.41894722859453,2025-02-16 15:25:44.020819
37.7752828070507,-122.41916368433736,2025-02-16 15:18:29.020819
37.775425798440516,-122.41860986852322,2025-02-16 15:25:43.020819
37.775350813728004,-122.41874428521898,2025-02-16 15:31:56.020819
37.775342968761564,-122.41842557949482,2025-02-16 15:25:19.020819
37.775200458649856,-122.41891166679397,2025-02-16 15:25:57.020819
37.775441888143355,-122.41931443458343,2025-02-16 15:17:51.020819
37.77512570362988,-122.41847608682806,2025-02-16 15:29:06.020819
37.774907757244435,-122.41853135145627,2025-02-16 15:30:03.020819
37.775115519134786,-122.41897567284681,2025-02-16 15:27:19.020819
37.77501468438721,-122.41862597331297,2025-02-16 15:21:52.020819
37.77516569291585,-122.41928638496869,2025-02-16 15:19:35.020819
37.775119678284135,-122.4186587325811,2025-02-16 15:19:42.020819
37.7752600930023,-122.41840111116215,2025-02-16 15:19:45.020819
37.77510585777107,-122.4184781830868,2025-02-16 15:28:24.020819
37.77497706947488,-122.41892924236718,2025-02-16 15:27:12.020819
37.775482068746996,-122.4185098575615,2025-02-16 15:29:32.020819
37.77519580755504,-122.41938371372297,2025-02-16 15:25:01.020819
37.77492321526771,-122.41897729302916,2025-02-16 15:26:03.020819
37.774990916918945,-122.41892841960947,2025-02-16 15:29:32.020819
37.77545328339748,-122.41855644978031,2025-02-16 15:27:39.020819
37.77541008452825,-122.4191940513648,2025-02-16 15:23:37.020819
37.77532535465883,-122.41888370862883,2025-02-16 15:20:37.020819
37.775447026536476,-122.4188976328565,2025-02-16 15:28:28.020819
37.77520194084944,-122.41843641520101,2025-02-16 15:18:47.020819
37.77515357758014,-122.41882358777853,2025-02-16 15:23:15.020819
37.775157330248874,-122.41905612427726,2025-02-16 15:22:31.020819
37.77525399963832,-122.41920433322971,2025-02-16 15:17:51.020819
37.775098335143575,-122.4193968665472,2025-02-16 15:22:56.020819
37.775297902069404,-122.41898183437434,2025-02-16 15:31:53.020819
37.77539205720484,-122.41875526571509,2025-02-16 15:18:38.020819
37.77513792873386,-122.41842422080802,2025-02-16 15:27:21.020819
37.77506673594512,-122.41882170922611,2025-02-16 15:24:49.020819
37.77533218615049,-122.4185062666051,2025-02-16 15:17:52.020819
37.77513889855982,-122.41881223745841,2025-02-16 15:17:59.020819
37.775423805973695,-122.41894809045844,2025-02-16 15:17:15.020819
37.775306629898466,-122.41920444308371,2025-02-16 15:29:14.020819
37.77541571395352,-122.41930725404434,2025-02-16 15:18:03.020819
37.77510532273139,-122.41869830561406,2025-02-16 15:30:30.020819
37.77528173811915,-122.41921059825441,2025-02-16 15:29:14.020819
37.775365825516374,-122.41933541521347,2025-02-16 15:31:46.020819
37.7751478352299,-122.41902409568046,2025-02-16 15:22:04.020819
37.77520219401876,-122.4190447636101,2025-02-16 15:21:58.020819
37.77526600720663,-122.41849667821342,2025-02-16 15:26:28.020819
37.774941418062326,-122.41933172644266,2025-02-16 15:28:07.020819
37.77532057190293,-122.41897450556279,2025-02-16 15:17:28.020819
37.7751050117938,-122.41873167106674,2025-02-16 15:24:36.020819
37.775441527427425,-122.41931656358281,2025-02-16 15:19:54.020819
37.775413401341844,-122.41849511269518,2025-02-16 15:21:39.020819
37.775403607879305,-122.41928064799063,2025-02-16 15:30:21.020819
37.77492239777647,-122.41869188515128,2025-02-16 15:30:19.020819
37.7750162174093,-122.41939688397407,2025-02-16 15:18:55.020819
37.77527276079294,-122.41915539101747,2025-02-16 15:20:05.020819
37.77504808020085,-122.4184670306779,2025-02-16 15:19:59.020819
37.77540785423193,-122.41926117524595,2025-02-16 15:22:42.020819
37.77498741706911,-122.4191928011679,2025-02-16 15:29:01.020819
37.775391099907715,-122.41844084305359,2025-02-16 15:29:05.020819
37.77530294687414,-122.41872765446782,2025-02-16 15:30:00.020819
37.77530045200663,-122.4188659334791,2025-02-16 15:19:08.020819
37.77507938747576,-122.41863611120118,2025-02-16 15:23:59.020819
37.77548496386545,-122.41892212088861,2025-02-16 15:27:06.020819
37.775202801786726,-122.41936489016301,2025-02-16 15:23:54.020819
37.77504899775436,-122.41899167981471,2025-02-16 15:28:35.020819
37.77528159502295,-122.41901377228704,2025-02-16 15:20:49.020819
37.77518398972364,-122.41908566081068,2025-02-16 15:24:33.020819
37.775173410967966,-122.41880158520821,2025-02-16 15:19:45.020819
37.775100247133,-122.41855196585468,2025-02-16 15:18:14.020819
37.77534979705173,-122.41874513183458,2025-02-16 15:23:50.020819
37.775176428433824,-122.4188868672741,2025-02-16 15:19:25.020819
37.7749205241459,-122.41880643544108,2025-02-16 15:24:25.020819
37.77532315886339,-122.41917238158189,2025-02-16 15:30:42.020819
37.7754826080052,-122.41895240984097,2025-02-16 15:18:38.020819
37.77502765241334,-122.41899346901428,2025-02-16 15:17:46.020819
37.775083300714954,-122.41848888617245,2025-02-16 15:20:15.020819
37.77515423705457,-122.41933970142655,2025-02-16 15:20:20.020819
37.77544863699287,-122.41929186663523,2025-02-16 15:30:24.020819
37.77512798741832,-122.4190695325235,2025-02-16 15:18:00.020819
37.775033066165996,-122.41881364546582,2025-02-16 15:19:04.020819
37.77526909453911,-122.41863095055083,2025-02-16 15:17:51.020819
37.775049997663785,-122.41847364796922,2025-02-16 15:20:38.020819
37.77545641001798,-122.41900779052914,2025-02-16 15:24:47.020819
37.77520558379785,-122.4193183291916,2025-02-16 15:26:12.020819
37.775173025946046,-122.4185609841706,2025-02-16 15:20:58.020819
37.775273782035846,-122.41900423104929,2025-02-16 15:23:14.020819
37.77522342539878,-122.4184851197765,2025-02-16 15:17:24.020819
37.775238062970416,-122.41851910938989,2025-02-16 15:22:08.020819
37.775313757766035,-122.4186538103689,2025-02-16 15:27:40.020819
37.77534672098052,-122.41850209324922,2025-02-16 15:20:05.020819
37.77510204381086,-122.41886868720782,2025-02-16 15:24:30.020819
37.77514096802605,-122.4190651879527,2025-02-16 15:18:11.020819
37.775286255438886,-122.41873298840264,2025-02-16 15:26:19.020819
37.774990674386366,-122.41908600922116,2025-02-16 15:20:52.020819
37.775206160349306,-122.41876725344264,2025-02-16 15:28:00.020819
37.77528769626557,-122.41923294627803,2025-02-16 15:30:44.020819
37.774930206912146,-122.41889917621552,2025-02-16 15:26:56.020819
37.7749195685118,-122.41905703975432,2025-02-16 15:19:24.020819
37.77533779794907,-122.41901212404628,2025-02-16 15:22:06.020819
37.775377603310616,-122.41920798101461,2025-02-16 15:24:51.020819
37.775032297088565,-122.41916841314551,2025-02-16 15:19:43.020819
37.77505904452956,-122.41901017386377,2025-02-16 15:19:01.020819
37.77533938440305,-122.41933163986543,2025-02-16 15:21:45.020819
37.775456186949995,-122.41929832894542,2025-02-16 15:21:03.020819
37.77507830291606,-122.41886396801098,2025-02-16 15:18:43.020819
37.77533126199986,-122.41846507742036,2025-02-16 15:30:38.020819
37.77513402321501,-122.41931962485236,2025-02-16 15:31:08.020819
37.77503090871538,-122.41897980379997,2025-02-16 15:21:05.020819
37.77514591041837,-122.41847603105079,2025-02-16 15:22:41.020819
37.77503498390076,-122.41860355604771,2025-02-16 15:27:21.020819
37.775152031955464,-122.41876248864489,2025-02-16 15:24:15.020819
37.77541534185625,-122.41847519758778,2025-02-16 15:28:33.020819
37.77539634963478,-122.41916152735678,2025-02-16 15:19:10.020819
37.77547074621621,-122.41925228477024,2025-02-16 15:24:11.020819
37.77502238696671,-122.41925312081615,2025-02-16 15:30:48.020819
37.775124501546685,-122.41929027407058,2025-02-16 15:23:36.020819
37.77514690409344,-122.41852239616995,2025-02-16 15:23:53.020819
37.77544472346196,-122.41892626248898,2025-02-16 15:23:26.020819
37.77498884938766,-122.41896228542453,2025-02-16 15:28:51.020819
37.775231856079046,-122.41853772030423,2025-02-16 15:19:23.020819
37.77543956482333,-122.41935970949578,2025-02-16 15:17:37.020819
37.77536919301095,-122.41925498190179,2025-02-16 15:27:37.020819
37.77534117124032,-122.41853771893167,2025-02-16 15:17:34.020819
37.77515194627954,-122.41932081166306,2025-02-16 15:30:54.020819
37.77495330820112,-122.41895275771495,2025-02-16 15:30:15.020819
37.77515820202803,-122.41893222306565,2025-02-16 15:31:58.020819
37.774971422065605,-122.4186448114229,2025-02-16 15:20:02.020819
37.77548315987575,-122.41850227333495,2025-02-16 15:21:36.020819
37.77500482313075,-122.41871118559837,2025-02-16 15:26:46.020819
37.775027542608775,-122.41932225698548,2025-02-16 15:31:25.020819
37.77535683761296,-122.41852796717187,2025-02-16 15:25:02.020819
37.775287663497515,-122.41866925330365,2025-02-16 15:24:05.020819
37.77526714740114,-122.4184751851441,2025-02-16 15:21:31.020819
37.77510504398636,-122.41889706239844,2025-02-16 15:19:17.020819
37.775377332846645,-122.41859425543372,2025-02-16 15:23:52.020819
37.775402838509116,-122.41913479689,2025-02-16 15:27:34.020819
37.77548914644381,-122.4191642521797,2025-02-16 15:23:24.020819
37.7749726447346,-122.41906177698817,2025-02-16 15:28:55.020819
37.77528671394291,-122.41887809884014,2025-02-16 15:21:04.020819
37.77515565021363,-122.41875597939622,2025-02-16 15:18:07.020819
37.774943251635605,-122.41890378762808,2025-02-16 15:18:55.020819
37.77531208553591,-122.41866663503521,2025-02-16 15:27:27.020819
37.7752504121164,-122.41900195496184,2025-02-16 15:17:30.020819
37.77501833152733,-122.41847247358456,2025-02-16 15:26:26.020819
37.7753278548376,-122.41858549877837,2025-02-16 15:27:44.020819
37.77506144787298,-122.41851825461556,2025-02-16 15:18:34.020819
37.77500761381023,-122.41933410631351,2025-02-16 15:19:27.020819
37.77528860015426,-122.41859441873186,2025-02-16 15:19:13.020819
37.775286631398124,-122.41915100594511,2025-02-16 15:29:21.020819
37.775431840725155,-122.4184029186532,2025-02-16 15:23:17.020819
37.774956328701364,-122.41877158323209,2025-02-16 15:19:30.020819
37.7752682685385,-122.41862501418319,2025-02-16 15:23:46.020819
37.775472480236495,-122.41857255625052,2025-02-16 15:22:09.020819
37.77545559272134,-122.41886763834788,2025-02-16 15:18:04.020819
37.775164864267666,-122.41901525016759,2025-02-16 15:30:26.020819
37.77516639839811,-122.4187040265467,2025-02-16 15:29:02.020819
37.77529988393057,-122.41890271488634,2025-02-16 15:21:50.020819
37.77531355576735,-122.41897859170979,2025-02-16 15:22:29.020819
37.775213648620024,-122.4184717927118,2025-02-16 15:28:59.020819
37.77549645634552,-122.41901963857568,2025-02-16 15:21:57.020819
37.77500843018089,-122.41878647264406,2025-02-16 15:28:45.020819
37.7754713903473,-122.4193131044288,2025-02-16 15:29:50.020819
37.77525051055179,-122.41861985968879,2025-02-16 15:30:14.020819
37.77543015111068,-122.41860061542351,2025-02-16 15:28:59.020819
37.77505437166598,-122.4186686378409,2025-02-16 15:22:05.020819
37.77516527098469,-122.41916730369272,2025-02-16 15:27:13.020819
37.77502801243271,-122.41908923186718,2025-02-16 15:23:51.020819
37.775476414672085,-122.41912715534181,2025-02-16 15:29:10.020819
37.775047359182,-122.41900103764338,2025-02-16 15:21:48.020819
37.77516627635903,-122.41896057681136,2025-02-16 15:24:51.020819
37.77539594366189,-122.41908674029725,2025-02-16 15:25:27.020819
37.774907468379794,-122.41878280149864,2025-02-16 15:17:18.020819
37.77544662287282,-122.41857538911236,2025-02-16 15:28:00.020819
37.77543652543302,-122.41927782311727,2025-02-16 15:26:26.020819
37.775236968762215,-122.41860477557171,2025-02-16 15:31:31.020819
37.7750974161176,-122.41934587968862,2025-02-16 15:21:13.020819
37.77494238552989,-122.41856189778713,2025-02-16 15:31:56.020819
37.77503883774225,-122.41849410675712,2025-02-16 15:25:03.020819
37.775255524964656,-122.41871234696829,2025-02-16 15:31:50.020819
37.775459852992036,-122.41867830064218,2025-02-16 15:17:33.020819
37.775493943416485,-122.41884974989169,2025-02-16 15:20:41.020819
37.77493040548601,-122.41877299843061,2025-02-16 15:17:29.020819
37.775217329964406,-122.41891805637414,2025-02-16 15:24:19.020819
37.77515642184725,-122.41912370902767,2025-02-16 15:23:18.020819
37.775285048387495,-122.41850383114435,2025-02-16 15:25:33.020819
37.77528057997297,-122.41929503430346,2025-02-16 15:31:43.020819
37.77548607556764,-122.4192522122544,2025-02-16 15:29:12.020819
37.77546619553677,-122.41861558024608,2025-02-16 15:20:27.020819
37.77549269328215,-122.41921510760997,2025-02-16 15:29:33.020819
37.775279710544964,-122.41913406408993,2025-02-16 15:28:09.020819
37.775317277774086,-122.41873027077303,2025-02-16 15:30:58.020819
37.775420997163096,-122.41914077370194,2025-02-16 15:21:01.020819
37.77490372264804,-122.41865574981378,2025-02-16 15:20:15.020819
37.775111374958485,-122.41927000785911,2025-02-16 15:27:44.020819
37.775336497195035,-122.41926850087603,2025-02-16 15:31:47.020819
37.775136956661406,-122.41905283354873,2025-02-16 15:21:15.020819
37.7752144721696,-122.41846248912725,2025-02-16 15:24:39.020819
37.77524595160413,-122.4188577967568,2025-02-16 15:29:15.020819
37.775456574551335,-122.41892136954608,2025-02-16 15:24:30.020819
37.77538594595208,-122.4189210602899,2025-02-16 15:22:36.020819
37.77505179845228,-122.41938052244939,2025-02-16 15:29:45.020819
37.77508082729152,-122.41936842389464,2025-02-16 15:19:53.020819
37.774933314526606,-122.41906705470598,2025-02-16 15:22:13.020819
37.77524437715035,-122.41859468196631,2025-02-16 15:19:41.020819
37.775494800330456,-122.41888552983553,2025-02-16 15:28:20.020819
37.775436584890905,-122.41861426540684,2025-02-16 15:20:43.020819
37.77505811102746,-122.4191930148015,2025-02-16 15:30:32.020819
37.77503300532925,-122.41924071857017,2025-02-16 15:27:53.020819
37.775305112547294,-122.41931107393539,2025-02-16 15:30:40.020819
37.77542134006518,-122.41926735412869,2025-02-16 15:19:17.020819
37.775281699923916,-122.41903861115195,2025-02-16 15:28:16.020819
37.77532960434721,-122.41855169328315,2025-02-16 15:31:45.020819
37.7754069150888,-122.41903223628887,2025-02-16 15:26:51.020819
37.77515910138186,-122.4188493327749,2025-02-16 15:19:39.020819
37.77545478572583,-122.4185186470244,2025-02-16 15:24:45.020819
37.77499206833714,-122.41897238581478,2025-02-16 15:31:49.020819
37.77516047384541,-122.4193934727151,2025-02-16 15:22:11.020819
37.77545448197043,-122.41888951829489,2025-02-16 15:23:53.020819
37.775261355389304,-122.41864025922106,2025-02-16 15:24:44.020819
37.77510844997312,-122.41899757481947,2025-02-16 15:30:46.020819
37.775079370369696,-122.4187836489812,2025-02-16 15:31:42.020819
37.77512351525912,-122.41863015820877,2025-02-16 15:30:54.020819
37.77529235872635,-122.4192326219526,2025-02-16 15:30:12.020819
37.77491656303071,-122.41913016119169,2025-02-16 15:24:14.020819
37.77511181121985,-122.41858823620383,2025-02-16 15:26:15.020819
37.775480008777684,-122.41916384237679,2025-02-16 15:32:03.020819
37.775035912246786,-122.41926239354747,2025-02-16 15:20:08.020819
37.77504944604418,-122.41842030457664,2025-02-16 15:31:12.020819
37.77540836349897,-122.41858302633754,2025-02-16 15:30:16.020819
37.77504746396806,-122.4188664982119,2025-02-16 15:22:40.020819
37.77539336622636,-122.41884305997809,2025-02-16 15:20:38.020819
37.77518627603729,-122.41907658613128,2025-02-16 15:19:55.020819
37.775277818815034,-122.41854148080101,2025-02-16 15:27:17.020819
37.77532708097389,-122.41843972702965,2025-02-16 15:31:26.020819
37.77531229950111,-122.4184259917792,2025-02-16 15:25:23.020819
37.77498552706301,-122.41904474089321,2025-02-16 15:20:52.020819
37.7749514451801,-122.41847015015591,2025-02-16 15:24:15.020819
37.775219111215286,-122.4192668895118,2025-02-16 15:17:58.020819
37.775308720914516,-122.4185906012152,2025-02-16 15:31:32.020819
37.77542365528593,-122.41857669711365,2025-02-16 15:22:05.020819
37.77518825985055,-122.41847602471495,2025-02-16 15:26:54.020819
37.77529404451649,-122.41847857489785,2025-02-16 15:24:24.020819
37.77516628133231,-122.41856348444527,2025-02-16 15:25:06.020819
37.77522639156037,-122.41931695466484,2025-02-16 15:26:50.020819
37.775369072757876,-122.41937039736514,2025-02-16 15:29:22.020819
37.775382983076625,-122.41925611377899,2025-02-16 15:19:54.020819
37.775002669966156,-122.41930838479911,2025-02-16 15:28:33.020819
37.7751711950141,-122.41868891610669,2025-02-16 15:22:24.020819
37.77502733870587,-122.41869339605448,2025-02-16 15:19:30.020819
37.77534937014074,-122.4192612758586,2025-02-16 15:20:50.020819
37.77490976849184,-122.41903851322775,2025-02-16 15:23:50.020819
37.77497451766697,-122.4187096977146,2025-02-16 15:23:32.020819
37.775096304642815,-122.41858174587206,2025-02-16 15:25:00.020819
37.77497163293009,-122.41886079353282,2025-02-16 15:29:58.020819
37.775030615986886,-122.4185882059066,2025-02-16 15:31:03.020819
37.775095957689665,-122.41895661321166,2025-02-16 15:17:29.020819
37.77498777398615,-122.41843399286915,2025-02-16 15:27:06.020819
37.77502718815006,-122.4192091806816,2025-02-16 15:19:26.020819
37.775395249079345,-122.41903484193742,2025-02-16 15:30:55.020819
37.775245061279364,-122.41912884474787,2025-02-16 15:29:20.020819
37.77534586548016,-122.41851963520034,2025-02-16 15:27:39.020819
37.775363830605684,-122.4185369369399,2025-02-16 15:28:29.020819
37.77547471607726,-122.4189502431413,2025-02-16 15:28:28.020819
37.77511477864633,-122.41909240438089,2025-02-16 15:25:18.020819
37.77543401422122,-122.41851693505191,2025-02-16 15:21:39.020819
37.775376992522816,-122.4193584277927,2025-02-16 15:19:30.020819
37.7753756025543,-122.41863624786286,2025-02-16 15:17:26.020819
37.77515707895696,-122.41899098734656,2025-02-16 15:24:57.020819
37.775135928494684,-122.41938941760655,2025-02-16 15:26:07.020819
37.77511803633803,-122.41847255685677,2025-02-16 15:19:13.020819
37.77518701828187,-122.41879103466366,2025-02-16 15:26:45.020819
37.77535680546011,-122.41851923180577,2025-02-16 15:22:03.020819
37.774960584753444,-122.41872686331334,2025-02-16 15:27:28.020819
37.77507354593472,-122.41860015088555,2025-02-16 15:26:08.020819
37.77522521947021,-122.41906505867851,2025-02-16 15:26:50.020819
37.77528904176286,-122.41869418792614,2025-02-16 15:21:13.020819
37.7751844764267,-122.4192169154983,2025-02-16 15:25:59.020819
37.77530862207547,-122.41841906576552,2025-02-16 15:29:46.020819
37.775149829047415,-122.41881688838434,2025-02-16 15:17:28.020819
37.775214799872174,-122.41853614353622,2025-02-16 15:31:14.020819
37.77537158718093,-122.41930002477525,2025-02-16 15:31:15.020819
37.77543239510213,-122.41911080915132,2025-02-16 15:21:34.020819
37.775197079679515,-122.4187990279297,2025-02-16 15:26:52.020819
37.77544351907901,-122.41927128467945,2025-02-16 15:21:41.020819
37.775391803830026,-122.41915900264274,2025-02-16 15:18:24.020819
37.775234606871756,-122.41925010586888,2025-02-16 15:19:38.020819
37.77526753353967,-122.41882338077282,2025-02-16 15:21:28.020819
37.775162340399156,-122.41906123387977,2025-02-16 15:18:24.020819
37.77535321064786,-122.41909598463154,2025-02-16 15:31:32.020819
37.77511982170625,-122.4186384114202,2025-02-16 15:21:54.020819
37.77490930451433,-122.41850672408064,2025-02-16 15:26:35.020819
37.77497486794948,-122.41849871499961,2025-02-16 15:19:16.020819
37.77526712103702,-122.41939880981343,2025-02-16 15:23:07.020819
37.77502179244501,-122.41860690928117,2025-02-16 15:26:31.020819
37.77517852795327,-122.41921850725016,2025-02-16 15:22:56.020819
37.77490667689655,-122.41904733094304,2025-02-16 15:31:10.020819
37.77495123954751,-122.41908461295002,2025-02-16 15:24:21.020819
37.77531669016207,-122.4185471787506,2025-02-16 15:17:40.020819
37.77529020603477,-122.41916723265545,2025-02-16 15:28:09.020819
37.775264882040325,-122.4193854912767,2025-02-16 15:22:31.020819
37.774944848906514,-122.4189743898748,2025-02-16 15:19:50.020819
37.77528676882807,-122.41921070774261,2025-02-16 15:31:12.020819
37.77494145083994,-122.41928446573338,2025-02-16 15:24:08.020819
37.775473124346256,-122.4193804479117,2025-02-16 15:26:32.020819
37.774975234300044,-122.41874242462478,2025-02-16 15:17:31.020819
37.775155743406515,-122.41938818885261,2025-02-16 15:18:33.020819
37.77538567546931,-122.41866149147093,2025-02-16 15:27:23.020819
37.77545083922092,-122.4192034667113,2025-02-16 15:22:22.020819
37.77542216268617,-122.41865096737459,2025-02-16 15:21:34.020819
37.77521900311513,-122.41906327395921,2025-02-16 15:27:49.020819
37.775042685064484,-122.41891967233093,2025-02-16 15:27:50.020819
37.7749539335795,-122.41926677353717,2025-02-16 15:23:27.020819
37.775018288778526,-122.4185929561108,2025-02-16 15:18:49.020819
37.77548905619466,-122.41905431618066,2025-02-16 15:29:59.020819
37.77498837817041,-122.4191873227377,2025-02-16 15:23:44.020819
37.77513151567988,-122.41904980090743,2025-02-16 15:25:25.020819
37.7754032086135,-122.41894155799405,2025-02-16 15:26:06.020819
37.77520909223242,-122.41922713864561,2025-02-16 15:25:59.020819
37.77499852948722,-122.41898140942423,2025-02-16 15:23:18.020819
37.77540137160762,-122.4190506418126,2025-02-16 15:21:35.020819
37.77527626400293,-122.41845486046276,2025-02-16 15:19:46.020819
37.77537727794943,-122.41930635670734,2025-02-16 15:20:12.020819
37.775379979321265,-122.41886136560255,2025-02-16 15:26:10.020819
37.77507928031653,-122.41919575331237,2025-02-16 15:26:12.020819
37.77529357358576,-122.41858347831132,2025-02-16 15:27:13.020819
37.77529481604586,-122.4187911799263,2025-02-16 15:20:52.020819
37.77515839977886,-122.41924816052978,2025-02-16 15:22:04.020819
37.77526471448089,-122.41925316194816,2025-02-16 15:25:51.020819
37.77491417909241,-122.41906432696311,2025-02-16 15:22:33.020819
37.77538045383058,-122.4190347799386,2025-02-16 15:21:02.020819
37.77520950850388,-122.41920098650624,2025-02-16 15:18:35.020819
37.775313410238645,-122.41847205424882,2025-02-16 15:26:44.020819
37.77501658267081,-122.41875991081781,2025-02-16 15:29:59.020819
37.775418500114114,-122.41882844014839,2025-02-16 15:25:57.020819
37.7750399161882,-122.41865538840011,2025-02-16 15:31:25.020819
37.77509264874162,-122.41915773137588,2025-02-16 15:19:01.020819
37.775455462842736,-122.41917926294121,2025-02-16 15:30:14.020819
37.77535088339955,-122.41865190558728,2025-02-16 15:20:26.020819
37.775007389026776,-122.41859759406344,2025-02-16 15:23:21.020819
37.7751334544288,-122.41922065309082,2025-02-16 15:26:00.020819
37.77522888218136,-122.41847747401508,2025-02-16 15:28:47.020819
37.774923301111485,-122.41864219543126,2025-02-16 15:21:34.020819
37.7749582719104,-122.41862509079913,2025-02-16 15:18:25.020819
37.77534126346035,-122.41908091323491,2025-02-16 15:21:21.020819
37.77492277451664,-122.41919025211352,2025-02-16 15:28:59.020819
37.775134930573266,-122.41930716490178,2025-02-16 15:27:21.020819
37.77526556559448,-122.41900650940025,2025-02-16 15:19:20.020819
37.775051080817974,-122.41918146202282,2025-02-16 15:19:21.020819
37.77521588872324,-122.41890668524076,2025-02-16 15:31:48.020819
37.775031254577144,-122.41878614886211,2025-02-16 15:27:07.020819
37.77546477867698,-122.41860379475303,2025-02-16 15:20:32.020819
37.77499694051792,-122.41855231542083,2025-02-16 15:30:46.020819
37.77523240952966,-122.41881915335264,2025-02-16 15:23:20.020819
37.775028164505315,-122.41844188000556,2025-02-16 15:24:24.020819
37.77542541460231,-122.41891985019792,2025-02-16 15:25:17.020819
37.77528973759972,-122.41911857930046,2025-02-16 15:27:59.020819
37.775470800948355,-122.41892372688862,2025-02-16 15:17:54.020819
37.77524371413419,-122.41873099658008,2025-02-16 15:28:49.020819
37.77519766622996,-122.41880707086162,2025-02-16 15:29:19.020819
37.77515191652457,-122.41895526760071,2025-02-16 15:27:48.020819
37.77496141068055,-122.41892062840127,2025-02-16 15:22:54.020819
37.77537582500935,-122.41851614356193,2025-02-16 15:18:35.020819
37.77533433537064,-122.41846075077869,2025-02-16 15:26:17.020819
37.77542579645091,-122.41867268402434,2025-02-16 15:20:42.020819
37.77497928000194,-122.41858915907785,2025-02-16 15:24:40.020819
37.77514830274388,-122.41851514711917,2025-02-16 15:23:41.020819
37.775278721845595,-122.41876903067624,2025-02-16 15:29:45.020819
37.77537258966456,-122.41873823386503,2025-02-16 15:21:34.020819
37.77532425671504,-122.41879879009937,2025-02-16 15:24:10.020819
37.775247776728094,-122.41883053186005,2025-02-16 15:30:09.020819
37.77542809662716,-122.41871459271093,2025-02-16 15:20:13.020819
37.77542349991423,-122.41867405128646,2025-02-16 15:30:25.020819
37.774930956291264,-122.41875265728767,2025-02-16 15:23:48.020819
37.7753322961948,-122.41920693189114,2025-02-16 15:19:11.020819
37.77504291918148,-122.41908436583519,2025-02-16 15:24:25.020819
37.77500769945069,-122.41873576357897,2025-02-16 15:30:30.020819
37.77512658810995,-122.41930097393532,2025-02-16 15:26:18.020819
37.77492315705167,-122.41900129596985,2025-02-16 15:23:46.020819
37.77528612889919,-122.41930786445558,2025-02-16 15:20:26.020819
37.77499533714471,-122.41932255614527,2025-02-16 15:28:32.020819
37.774901207493116,-122.41860001363403,2025-02-16 15:22:25.020819
37.775120181426374,-122.4189471590358,2025-02-16 15:22:32.020819
37.77544832111877,-122.41873492253875,2025-02-16 15:28:59.020819
37.77522333738848,-122.41900901023892,2025-02-16 15:27:52.020819
37.7750385509363,-122.41924085518659,2025-02-16 15:29:31.020819
37.77497379168539,-122.41891618918385,2025-02-16 15:31:01.020819
37.775130526447406,-122.41844031823578,2025-02-16 15:29:31.020819
37.775065880114475,-122.41873843386573,2025-02-16 15:17:57.020819
37.775460679514836,-122.41888197358631,2025-02-16 15:27:04.020819
37.77503561416399,-122.41907977748731,2025-02-16 15:29:36.020819
37.77537948208931,-122.41906550931735,2025-02-16 15:22:47.020819
37.77495237594306,-122.41905899195527,2025-02-16 15:23:27.020819
37.77545254279785,-122.41893834069838,2025-02-16 15:24:20.020819
37.77537160943443,-122.4184519236631,2025-02-16 15:28:31.020819
37.775340371177094,-122.41893648894997,2025-02-16 15:31:36.020819
37.77528982079559,-122.41868709867094,2025-02-16 15:19:10.020819
37.77513997084355,-122.41926524590994,2025-02-16 15:23:26.020819
37.77509605132485,-122.41911409067839,2025-02-16 15:23:59.020819
37.77507349508286,-122.41939799286692,2025-02-16 15:18:54.020819
37.77516201513415,-122.41855589275211,2025-02-16 15:27:54.020819
37.77501672824944,-122.41907088074294,2025-02-16 15:29:15.020819
37.77493343937615,-122.41856743353254,2025-02-16 15:28:51.020819
37.77509738280157,-122.41840318088428,2025-02-16 15:29:50.020819
37.77527893010635,-122.41896305565399,2025-02-16 15:29:04.020819
37.775375566530464,-122.41879352378402,2025-02-16 15:17:18.020819
37.7752537957382,-122.41932134656219,2025-02-16 15:21:19.020819
37.77543077317141,-122.41893121748448,2025-02-16 15:19:44.020819
37.77506955762621,-122.41875028032503,2025-02-16 15:25:53.020819
37.77547881428341,-122.41897272849852,2025-02-16 15:32:11.020819
37.77534335686212,-122.41906327467886,2025-02-16 15:23:41.020819
37.77508437976628,-122.41903639453439,2025-02-16 15:23:30.020819
37.77530184778161,-122.4191030962458,2025-02-16 15:22:24.020819
37.77536603490823,-122.41889487028544,2025-02-16 15:30:01.020819
37.77539246716438,-122.41882690990857,2025-02-16 15:17:53.020819
37.77530741416084,-122.41844228900528,2025-02-16 15:31:24.020819
37.77522592775865,-122.4189818109154,2025-02-16 15:28:10.020819
37.77522108638385,-122.41933989527176,2025-02-16 15:19:29.020819
37.77496846238174,-122.41922195194428,2025-02-16 15:31:17.020819
37.77502898970931,-122.41916379372573,2025-02-16 15:17:42.020819
37.77498639397247,-122.41849985692073,2025-02-16 15:28:34.020819
37.774995968307536,-122.41845965327103,2025-02-16 15:27:13.020819
37.77537127119836,-122.41862578265271,2025-02-16 15:22:44.020819
37.77527596922308,-122.41855218927259,2025-02-16 15:25:13.020819
37.77504232520816,-122.4184509795311,2025-02-16 15:23:08.020819
37.774970457399945,-122.41871594587073,2025-02-16 15:17:54.020819
37.77514275361027,-122.41908268227665,2025-02-16 15:23:49.020819
37.775310605622806,-122.41916912879122,2025-02-16 15:21:02.020819
37.77515698401337,-122.4193388960998,2025-02-16 15:22:38.020819
37.77513839499472,-122.41851196426319,2025-02-16 15:26:12.020819
37.775038569465345,-122.41932500928644,2025-02-16 15:29:23.020819
37.775021705137746,-122.41931155943334,2025-02-16 15:24:45.020819
37.77517189469769,-122.41872074580172,2025-02-16 15:20:19.020819
37.774960516160895,-122.41884345074519,2025-02-16 15:31:07.020819
37.7752474608767,-122.41873367000032,2025-02-16 15:23:27.020819
37.77510383413791,-122.41880361701428,2025-02-16 15:22:58.020819
37.775305702316,-122.41916491575387,2025-02-16 15:20:54.020819
37.77492246046978,-122.41879343097602,2025-02-16 15:17:50.020819
37.775007387630076,-122.41850320300317,2025-02-16 15:17:32.020819
37.77523976297842,-122.41921060300591,2025-02-16 15:29:26.020819
37.77547970333164,-122.41937042451676,2025-02-16 15:26:00.020819
37.774931717758086,-122.41929758340584,2025-02-16 15:19:06.020819
37.77538740288969,-122.41926309600315,2025-02-16 15:22:02.020819
37.775042583285405,-122.41870672041509,2025-02-16 15:17:47.020819
37.77492849711902,-122.41907020526239,2025-02-16 15:19:18.020819
37.77539684991102,-122.41888560443945,2025-02-16 15:20:26.020819
37.77532366293868,-122.41929216764694,2025-02-16 15:21:49.020819
37.77506044366189,-122.4184650100926,2025-02-16 15:18:10.020819
37.775464913311616,-122.41929592806109,2025-02-16 15:25:16.020819
37.77517220969525,-122.41878848758937,2025-02-16 15:19:05.020819
37.77508147534016,-122.41898781535531,2025-02-16 15:30:46.020819
37.77491727246398,-122.41856856305269,2025-02-16 15:22:17.020819
37.775338638329146,-122.41859847819693,2025-02-16 15:29:44.020819
37.775228481824065,-122.41905681949825,2025-02-16 15:30:47.020819
37.77492731255078,-122.41840908614145,2025-02-16 15:18:46.020819
37.77549490254269,-122.41842672574325,2025-02-16 15:29:01.020819
37.775453094967084,-122.41883638649256,2025-02-16 15:20:49.020819
37.77526197538185,-122.41852549356354,2025-02-16 15:25:34.020819
37.77492382282856,-122.41885888016485,2025-02-16 15:22:13.020819
37.775026652296404,-122.41898302092129,2025-02-16 15:26:05.020819
37.77490515250907,-122.41912577666571,2025-02-16 15:30:13.020819
37.7750470222211,-122.41845105309919,2025-02-16 15:28:55.020819
37.77532613898203,-122.41846199557835,2025-02-16 15:24:17.020819
37.77522821580635,-122.4193395226575,2025-02-16 15:20:07.020819
37.775069958728594,-122.41906026126506,2025-02-16 15:19:51.020819
37.77498933045478,-122.41926346232974,2025-02-16 15:28:42.020819
37.77521779876243,-122.4185513891063,2025-02-16 15:22:47.020819
37.77534359797029,-122.4193325617478,2025-02-16 15:21:51.020819
37.77508811869928,-122.41902880970855,2025-02-16 15:20:09.020819
37.775299953255995,-122.41892535876396,2025-02-16 15:18:55.020819
37.77497425964531,-122.41895927517487,2025-02-16 15:31:45.020819
37.7751769288958,-122.41895506012845,2025-02-16 15:30:39.020819
37.77500524572834,-122.41902672365217,2025-02-16 15:26:19.020819
37.77538828528781,-122.41888594339859,2025-02-16 15:20:45.020819
37.77527927352393,-122.41923308785545,2025-02-16 15:24:23.020819
37.77518213376108,-122.4186773413939,2025-02-16 15:26:29.020819
37.77497159379491,-122.4189923577314,2025-02-16 15:18:31.020819
37.77521440115319,-122.41856233885572,2025-02-16 15:24:10.020819
37.77505459831215,-122.41906882288023,2025-02-16 15:17:31.020819
37.775465124970694,-122.41849550800518,2025-02-16 15:18:24.020819
37.775294394293155,-122.4189560979026,2025-02-16 15:20:32.020819
37.77515556105394,-122.4193555275683,2025-02-16 15:26:02.020819
37.77525207010185,-122.4186167970247,2025-02-16 15:21:42.020819
37.77536931088956,-122.41874945897385,2025-02-16 15:21:58.020819
37.775010745771205,-122.41917448886451,2025-02-16 15:31:20.020819
37.77529096083889,-122.4191873846237,2025-02-16 15:18:00.020819
37.77528440180981,-122.41890801969892,2025-02-16 15:30:17.020819
37.7752091708476,-122.41888821277645,2025-02-16 15:29:43.020819
37.77549707020403,-122.41873179113506,2025-02-16 15:27:50.020819
37.77505495187042,-122.4184853742375,2025-02-16 15:23:18.020819
37.77527785211524,-122.41904135550821,2025-02-16 15:24:51.020819
37.775270374803114,-122.41923495587808,2025-02-16 15:31:39.020819
37.775309305685894,-122.41861736000097,2025-02-16 15:29:30.020819
37.77540869578234,-122.41874028056908,2025-02-16 15:25:50.020819
37.774960453842375,-122.41908986596934,2025-02-16 15:29:21.020819
37.77523956199395,-122.41850941865825,2025-02-16 15:21:36.020819
37.77505028642672,-122.41914286611411,2025-02-16 15:22:21.020819
37.7754563131457,-122.41933265311488,2025-02-16 15:21:43.020819
37.77518691064436,-122.41874195336523,2025-02-16 15:30:07.020819
37.775379018120795,-122.41844230455699,2025-02-16 15:18:23.020819
37.77523052097519,-122.41867757779704,2025-02-16 15:19:09.020819
37.775083851245924,-122.41888032689243,2025-02-16 15:27:31.020819
37.775195882933154,-122.4187022262303,2025-02-16 15:31:21.020819
37.775206162880316,-122.41881974512069,2025-02-16 15:32:07.020819
37.775194381501215,-122.41873227755693,2025-02-16 15:17:22.020819
37.775198128951324,-122.41939516957488,2025-02-16 15:19:41.020819
37.77541929977103,-122.41935211491037,2025-02-16 15:26:02.020819
37.77511250487132,-122.4190348499617,2025-02-16 15:28:26.020819
37.77525596535021,-122.418986826425,2025-02-16 15:21:58.020819
37.775069140365524,-122.41870402475267,2025-02-16 15:19:07.020819
37.775362163421086,-122.41917661581785,2025-02-16 15:17:30.020819
37.775389843892874,-122.4186805501011,2025-02-16 15:30:32.020819
37.775479973395605,-122.41937596924032,2025-02-16 15:17:24.020819
37.77492408512443,-122.41868788095655,2025-02-16 15:22:25.020819
37.77546854396394,-122.4192326619831,2025-02-16 15:19:34.020819
37.77503704537352,-122.41877194901862,2025-02-16 15:21:20.020819
37.775075356742114,-122.41904440944694,2025-02-16 15:26:26.020819
37.774906622644224,-122.4186488637812,2025-02-16 15:26:50.020819
37.77521285594579,-122.41903824638558,2025-02-16 15:21:48.020819
37.775191195003245,-122.4191861763125,2025-02-16 15:27:46.020819
37.77508094549565,-122.41895404879355,2025-02-16 15:27:24.020819
37.77504447156883,-122.41928354735519,2025-02-16 15:26:59.020819
37.775486909487476,-122.419176913236,2025-02-16 15:23:23.020819
37.77512168317775,-122.41866723762362,2025-02-16 15:27:46.020819
37.775005425554546,-122.41921814043828,2025-02-16 15:26:08.020819
37.775020447875704,-122.41840033580816,2025-02-16 15:29:28.020819
37.77543684180271,-122.4186724091502,2025-02-16 15:22:43.020819
37.77498209864974,-122.41909208623532,2025-02-16 15:31:14.020819
37.77516566954967,-122.4185948250133,2025-02-16 15:29:15.020819
37.774901908536215,-122.41901566714137,2025-02-16 15:32:04.020819
37.7750828198226,-122.41884417717806,2025-02-16 15:25:19.020819
37.77526267860227,-122.41870812183723,2025-02-16 15:25:40.020819
37.77526981035948,-122.41858514623722,2025-02-16 15:23:52.020819
37.77532580577944,-122.41911887038304,2025-02-16 15:25:49.020819
37.77543654665832,-122.41868548276979,2025-02-16 15:21:02.020819
37.77536681300673,-122.41881009577162,2025-02-16 15:23:25.020819
37.77494838164136,-122.41844533640571,2025-02-16 15:19:40.020819
37.775027753354365,-122.41892308308998,2025-02-16 15:20:32.020819
37.77510532047071,-122.41913746474808,2025-02-16 15:22:56.020819
37.775135979723274,-122.41927203590568,2025-02-16 15:22:23.020819
37.775282592835225,-122.41862740290749,2025-02-16 15:20:00.020819
37.77491595584274,-122.41936703030972,2025-02-16 15:26:59.020819
37.77495395436064,-122.41927088006732,2025-02-16 15:18:40.020819
37.774970467763964,-122.41868059039335,2025-02-16 15:28:58.020819
37.77535043056151,-122.41928549600068,2025-02-16 15:31:28.020819
37.77499085847852,-122.41850713351039,2025-02-16 15:22:29.020819
37.775114743587494,-122.41906637144918,2025-02-16 15:30:51.020819
37.77516721052053,-122.41866932310839,2025-02-16 15:24:28.020819
37.77539929191854,-122.41880588799995,2025-02-16 15:22:12.020819
37.77537834818301,-122.41927707713306,2025-02-16 15:30:28.020819
37.77498574754161,-122.41898282491645,2025-02-16 15:26:00.020819
37.7752490236773,-122.41862808111019,2025-02-16 15:24:27.020819
37.7753817005057,-122.41842706000757,2025-02-16 15:30:28.020819
37.77511069116056,-122.41871708761268,2025-02-16 15:29:28.020819
37.77541651854309,-122.41868559125537,2025-02-16 15:24:29.020819
37.77512917648798,-122.41904386554813,2025-02-16 15:21:42.020819
37.77532000505933,-122.41934214605006,2025-02-16 15:30:38.020819
37.774992267154516,-122.41898671792805,2025-02-16 15:22:04.020819
37.775258628228286,-122.41888001637396,2025-02-16 15:18:18.020819
37.77512812904443,-122.41863426285956,2025-02-16 15:29:14.020819
37.77530344552218,-122.41929667266459,2025-02-16 15:31:18.020819
37.77537440512886,-122.41861067052454,2025-02-16 15:29:16.020819
37.774967968426694,-122.41889497324425,2025-02-16 15:26:41.020819
37.77502592195785,-122.41926403358435,2025-02-16 15:29:33.020819
37.77516624588426,-122.4184360910552,2025-02-16 15:28:13.020819
37.77546151406713,-122.41841468139816,2025-02-16 15:26:54.020819
37.77548612866063,-122.41897785623541,2025-02-16 15:31:53.020819
37.774995705551284,-122.41923067304904,2025-02-16 15:20:39.020819
37.77508869935384,-122.41914512069373,2025-02-16 15:21:19.020819
37.77494763148705,-122.41895365341544,2025-02-16 15:24:31.020819
37.77492763572007,-122.4187075704789,2025-02-16 15:19:39.020819
37.775462896226536,-122.41907392900993,2025-02-16 15:19:29.020819
37.77506746939818,-122.41871046234638,2025-02-16 15:23:45.020819
37.77535907825557,-122.41882182636037,2025-02-16 15:25:06.020819
37.774916982397414,-122.41892716583374,2025-02-16 15:23:27.020819
37.77527691611748,-122.41864297254453,2025-02-16 15:17:29.020819
37.77522938954749,-122.41931732977865,2025-02-16 15:19:02.020819
37.775233523232316,-122.41879031847459,2025-02-16 15:27:28.020819
37.77548439412906,-122.41888149893111,2025-02-16 15:31:48.020819
37.7752326400678,-122.4186455414042,2025-02-16 15:18:36.020819
37.77501090573846,-122.41869051932952,2025-02-16 15:24:29.020819
37.77495511289668,-122.41845351193604,2025-02-16 15:29:09.020819
37.775132315477855,-122.41927951714074,2025-02-16 15:18:18.020819
37.77497768956752,-122.41845188837335,2025-02-16 15:20:30.020819
37.774991390089944,-122.41874357310735,2025-02-16 15:30:24.020819
37.77533936012138,-122.41909070801846,2025-02-16 15:21:27.020819
37.77513790714296,-122.41894145251155,2025-02-16 15:30:01.020819
37.775011381813705,-122.418493208385,2025-02-16 15:23:38.020819
37.77511004310257,-122.41930813814845,2025-02-16 15:23:44.020819
37.77527965575456,-122.41888139712994,2025-02-16 15:22:26.020819
37.77498529173122,-122.41862761404116,2025-02-16 15:28:28.020819
37.774955044757846,-122.41879536407298,2025-02-16 15:23:53.020819
37.775432745783206,-122.41931417489373,2025-02-16 15:25:18.020819
37.7751111431181,-122.41866217135005,2025-02-16 15:30:01.020819
37.77491626248449,-122.41857139616631,2025-02-16 15:18:07.020819
37.775050698773775,-122.41911977390713,2025-02-16 15:24:10.020819
37.774921373953944,-122.41918826270263,2025-02-16 15:28:01.020819
37.77521839527309,-122.41928633347058,2025-02-16 15:22:36.020819
37.77537809868589,-122.41880873896586,2025-02-16 15:17:29.020819
37.77493551824254,-122.41882785106628,2025-02-16 15:23:52.020819
37.77520936001527,-122.41907891083804,2025-02-16 15:25:33.020819
37.77534724535911,-122.41842390988278,2025-02-16 15:25:24.020819
37.77531975987703,-122.41847769784594,2025-02-16 15:26:32.020819
37.77538390374127,-122.41932478478843,2025-02-16 15:29:08.020819
37.77543578655335,-122.4189240052326,2025-02-16 15:23:32.020819
37.77515778582026,-122.418818407927,2025-02-16 15:21:58.020819
37.77516399643778,-122.41870470309647,2025-02-16 15:17:58.020819
37.77497233284945,-122.41906180971645,2025-02-16 15:28:59.020819
37.7750976261453,-122.41920813457207,2025-02-16 15:20:44.020819
37.775011053001045,-122.41872219685271,2025-02-16 15:30:59.020819
37.77511982096947,-122.41919692792062,2025-02-16 15:25:18.020819
37.775044074207315,-122.41841126460432,2025-02-16 15:29:39.020819
37.77498401959214,-122.41901591733641,2025-02-16 15:27:42.020819
37.77505592446254,-122.41924715962453,2025-02-16 15:31:55.020819
37.77505163719753,-122.4186078161035,2025-02-16 15:30:17.020819
37.77531747128559,-122.41935111430787,2025-02-16 15:25:38.020819
37.77546217099958,-122.4185978914555,2025-02-16 15:24:37.020819
37.77505765356933,-122.41877474691334,2025-02-16 15:29:01.020819
37.77530036327763,-122.4189076412484,2025-02-16 15:27:41.020819
37.77494668069654,-122.41938224067704,2025-02-16 15:22:49.020819
37.77525839271734,-122.41848664098492,2025-02-16 15:24:23.020819
37.77512033946566,-122.4188098542579,2025-02-16 15:18:40.020819
37.77509118090567,-122.41935723004806,2025-02-16 15:23:53.020819
37.775490884530925,-122.41922257089156,2025-02-16 15:31:51.020819
37.77503058291721,-122.41878273077977,2025-02-16 15:17:41.020819
37.77492769993297,-122.41918586656936,2025-02-16 15:20:40.020819
37.77495308003012,-122.41877475479205,2025-02-16 15:21:41.020819
37.77498096849058,-122.41850814399437,2025-02-16 15:29:51.020819
37.775209354167465,-122.41849891016905,2025-02-16 15:32:02.020819
37.77516176085175,-122.4190162138714,2025-02-16 15:17:41.020819
37.77493680144331,-122.41908156773921,2025-02-16 15:26:46.020819
37.7754728915834,-122.41905516479805,2025-02-16 15:31:41.020819
37.77492779369304,-122.4193492061329,2025-02-16 15:24:30.020819
37.77513799069581,-122.41843429157767,2025-02-16 15:25:27.020819
37.77512988575191,-122.41932391906758,2025-02-16 15:25:51.020819
37.77546239296198,-122.41922142886496,2025-02-16 15:21:44.020819
37.77516428980686,-122.41925021932974,2025-02-16 15:32:04.020819
37.774913288024976,-122.4189567424861,2025-02-16 15:20:22.020819
37.77524179378018,-122.41936656654514,2025-02-16 15:26:23.020819
37.77507308871,-122.41926901107422,2025-02-16 15:30:57.020819
37.77523464710466,-122.41892594640508,2025-02-16 15:21:10.020819
37.77531042002908,-122.41920316030348,2025-02-16 15:30:29.020819
37.77535163800068,-122.41889334663179,2025-02-16 15:24:41.020819
37.775207817283324,-122.41840073603187,2025-02-16 15:29:56.020819
37.775346679543205,-122.41911289065814,2025-02-16 15:17:24.020819
37.7750979370606,-122.41889866874337,2025-02-16 15:27:16.020819
37.7753779142899,-122.4185323839035,2025-02-16 15:29:44.020819
37.775289554817626,-122.41853272674321,2025-02-16 15:30:30.020819
37.7754227226057,-122.41934853847148,2025-02-16 15:31:21.020819
37.774983465969314,-122.4188162360473,2025-02-16 15:23:12.020819
37.775088743770304,-122.41855802745518,2025-02-16 15:31:16.020819
37.77527125143303,-122.41939816795907,2025-02-16 15:26:12.020819
37.77525669388489,-122.4189723637605,2025-02-16 15:22:43.020819
37.775315423582285,-122.41870558010046,2025-02-16 15:25:46.020819
37.77531346649758,-122.41871265572462,2025-02-16 15:24:28.020819
37.77523391634443,-122.41901114976179,2025-02-16 15:20:40.020819
37.77502946238649,-122.41887735068393,2025-02-16 15:23:23.020819
37.775288658458706,-122.41938278926283,2025-02-16 15:25:02.020819
37.775069576127294,-122.41855590229633,2025-02-16 15:28:19.020819
37.77533711909984,-122.41848995525932,2025-02-16 15:30:14.020819
37.77494762926108,-122.41874988545652,2025-02-16 15:27:13.020819
37.77547945425027,-122.41933087025156,2025-02-16 15:28:45.020819
37.77537138510504,-122.41885283480667,2025-02-16 15:26:09.020819
37.775150763587085,-122.41901734451147,2025-02-16 15:27:29.020819
37.77528584323462,-122.4186903022188,2025-02-16 15:29:13.020819
37.775306185672775,-122.41922983029153,2025-02-16 15:21:02.020819
37.77495354874884,-122.41875070685454,2025-02-16 15:25:36.020819
37.77517256557584,-122.41925485429402,2025-02-16 15:20:33.020819
37.77509908692533,-122.41847095338314,2025-02-16 15:24:50.020819
37.77526902435313,-122.41892418978577,2025-02-16 15:28:56.020819
37.77531308806982,-122.41865222206702,2025-02-16 15:23:05.020819
37.77511258576679,-122.41866219445693,2025-02-16 15:23:56.020819
37.77523377796631,-122.41877408410798,2025-02-16 15:20:25.020819
37.775476140016316,-122.41934928505788,2025-02-16 15:30:57.020819
37.775495384466595,-122.41880883485955,2025-02-16 15:30:20.020819
37.77501515878713,-122.4190081104446,2025-02-16 15:29:10.020819
37.7751789823077,-122.41881436230427,2025-02-16 15:27:42.020819
37.775079285291454,-122.41859316070033,2025-02-16 15:26:28.020819
37.775144723495615,-122.41915889815924,2025-02-16 15:31:26.020819
37.77542828776974,-122.41857924444926,2025-02-16 15:27:26.020819
37.775396521897534,-122.41858588483805,2025-02-16 15:25:52.020819
37.77497920961307,-122.41897039473625,2025-02-16 15:19:37.020819
37.77546281247619,-122.41918995197396,2025-02-16 15:28:24.020819
37.77516169791601,-122.41930175791369,2025-02-16 15:28:22.020819
37.775354603568545,-122.41881889868934,2025-02-16 15:20:51.020819
37.7750421735897,-122.41893569152377,2025-02-16 15:31:25.020819
37.77526279471364,-122.41853861410613,2025-02-16 15:22:20.020819
37.7751427777315,-122.4186553442202,2025-02-16 15:29:58.020819
37.77496542862284,-122.4185680706035,2025-02-16 15:18:37.020819
37.77516264304558,-122.41869896982944,2025-02-16 15:18:32.020819
37.77502694995783,-122.41879659658562,2025-02-16 15:19:14.020819
37.77507986635717,-122.41874670850181,2025-02-16 15:24:48.020819
37.77516104928102,-122.4186404534667,2025-02-16 15:25:27.020819
37.77506960215721,-122.4185947088598,2025-02-16 15:28:41.020819
37.77491005770969,-122.4184808067906,2025-02-16 15:20:26.020819
37.77510194926844,-122.41903127553566,2025-02-16 15:30:15.020819
37.775220698528166,-122.41900036300822,2025-02-16 15:23:44.020819
37.77491089426748,-122.41862924836764,2025-02-16 15:22:00.020819
37.77502909484803,-122.41843713614419,2025-02-16 15:31:34.020819
37.77524028568579,-122.41936952099847,2025-02-16 15:22:26.020819
37.77496327641605,-122.41913019532845,2025-02-16 15:17:28.020819
37.77518931888958,-122.41880955302258,2025-02-16 15:29:37.020819
37.77525513445582,-122.41887812256782,2025-02-16 15:23:45.020819
37.775084554235306,-122.41901755860705,2025-02-16 15:23:43.020819
37.77497824514415,-122.41937417757852,2025-02-16 15:27:58.020819
37.77493852438641,-122.41927465138788,2025-02-16 15:29:59.020819
37.775273993565754,-122.4188853724828,2025-02-16 15:27:34.020819
37.775116275448994,-122.41844389663194,2025-02-16 15:24:06.020819
37.775369833581124,-122.41859659719115,2025-02-16 15:20:56.020819
37.77533185884826,-122.41938205040961,2025-02-16 15:27:08.020819
37.77519465840711,-122.41848622852412,2025-02-16 15:26:37.020819
37.77538807300174,-122.41845727534479,2025-02-16 15:28:04.020819
37.77506836925408,-122.41843333168954,2025-02-16 15:21:46.020819
37.77492059459689,-122.4190612795233,2025-02-16 15:23:17.020819
37.774917085093826,-122.4184831605139,2025-02-16 15:23:12.020819
37.775263059108255,-122.41912087085244,2025-02-16 15:20:46.020819
37.77500947572839,-122.41880659124526,2025-02-16 15:26:25.020819
37.77496352768958,-122.41867655805596,2025-02-16 15:21:23.020819
37.7750828355632,-122.4193309468014,2025-02-16 15:31:44.020819
37.77526297187762,-122.41872300095731,2025-02-16 15:26:02.020819
37.775078212716664,-122.41859946689274,2025-02-16 15:19:49.020819
37.77520255051809,-122.41841832505715,2025-02-16 15:18:44.020819
37.77522109773554,-122.41899420908388,2025-02-16 15:25:19.020819
37.775386988637315,-122.4184645454705,2025-02-16 15:30:02.020819
37.77527546604941,-122.41932327223664,2025-02-16 15:27:04.020819
37.775044807998015,-122.41879300802171,2025-02-16 15:25:16.020819
37.77541137958481,-122.41861690643387,2025-02-16 15:17:42.020819
37.775171999378415,-122.41892563419613,2025-02-16 15:26:28.020819
37.77495765251528,-122.41891970370007,2025-02-16 15:26:11.020819
37.77495229727007,-122.41852320679509,2025-02-16 15:24:35.020819
37.77515646111005,-122.418873883232,2025-02-16 15:20:01.020819
37.77516626475795,-122.41912695069641,2025-02-16 15:24:25.020819
37.77493982860136,-122.41893895875091,2025-02-16 15:27:38.020819
37.77497096174152,-122.41925356080529,2025-02-16 15:32:09.020819
37.77532873133056,-122.4185632624459,2025-02-16 15:22:41.020819
37.774992605634175,-122.41937014505477,2025-02-16 15:25:26.020819
37.77505984231962,-122.41897741191406,2025-02-16 15:25:11.020819
37.774967921771875,-122.418607261939,2025-02-16 15:21:09.020819
37.774905818702564,-122.41914794605624,2025-02-16 15:17:49.020819
37.775161931002614,-122.41852050708732,2025-02-16 15:28:38.020819
37.77513059477123,-122.41875211397387,2025-02-16 15:18:58.020819
37.77541053360065,-122.41862727373345,2025-02-16 15:21:47.020819
37.77518272321037,-122.41865030280783,2025-02-16 15:18:51.020819
37.77530546777549,-122.4191193886433,2025-02-16 15:27:30.020819
37.77502833854622,-122.41842109608547,2025-02-16 15:23:54.020819
37.77536187389119,-122.4187188377281,2025-02-16 15:25:41.020819
37.77517097739937,-122.41902312054218,2025-02-16 15:30:26.020819
37.775356373506156,-122.41928630302758,2025-02-16 15:22:03.020819
37.77492175595166,-122.41903819068537,2025-02-16 15:22:41.020819
37.77539818301882,-122.41906217181615,2025-02-16 15:20:36.020819
37.774952527646185,-122.41876326478351,2025-02-16 15:22:48.020819
37.775336343252455,-122.41891326354721,2025-02-16 15:21:15.020819
37.77507550079089,-122.41874597018517,2025-02-16 15:31:09.020819
37.77512749063452,-122.41896444649038,2025-02-16 15:23:56.020819
37.77501160413517,-122.41862399702123,2025-02-16 15:17:26.020819
37.77510137936419,-122.41892222054481,2025-02-16 15:21:36.020819
37.77546773290123,-122.41934951440477,2025-02-16 15:25:08.020819
37.7753681431414,-122.41908984240341,2025-02-16 15:18:14.020819
37.775228670962306,-122.41916854982432,2025-02-16 15:21:46.020819
37.77544073962345,-122.41934611504455,2025-02-16 15:19:57.020819
37.77546134804554,-122.4190003808377,2025-02-16 15:21:30.020819
37.775250416704615,-122.41906885631687,2025-02-16 15:31:07.020819
37.77499017334948,-122.4184831164816,2025-02-16 15:27:46.020819
37.77509321647339,-122.4188365585756,2025-02-16 15:22:37.020819
37.775425351647165,-122.41909618215857,2025-02-16 15:28:51.020819
37.775410291518554,-122.41880539770422,2025-02-16 15:25:44.020819
37.7749209656172,-122.41872705788327,2025-02-16 15:24:35.020819
37.775229250822434,-122.41910876676458,2025-02-16 15:25:52.020819
37.77548366693879,-122.41877429636676,2025-02-16 15:21:34.020819
37.775253390404394,-122.41874832477008,2025-02-16 15:25:18.020819
37.774966584006954,-122.41873333986017,2025-02-16 15:18:23.020819
37.77536434048148,-122.41924189949327,2025-02-16 15:24:43.020819
37.77545929881692,-122.41844050590878,2025-02-16 15:20:33.020819
37.77520201052917,-122.4186472801938,2025-02-16 15:18:40.020819
37.77495603670685,-122.41900490587888,2025-02-16 15:30:19.020819
37.775429458686325,-122.4193694847653,2025-02-16 15:23:33.020819
37.775472134960545,-122.41896894170284,2025-02-16 15:27:08.020819
37.77527688999516,-122.41909379760266,2025-02-16 15:31:50.020819
37.775450902045414,-122.4188983784541,2025-02-16 15:25:59.020819
37.775271461382125,-122.419084575128,2025-02-16 15:26:17.020819
37.77502862899321,-122.41854934114362,2025-02-16 15:28:46.020819
37.77495044537373,-122.41904347386085,2025-02-16 15:28:17.020819
37.77516699551668,-122.41848807116119,2025-02-16 15:25:17.020819
37.77492651704763,-122.41913131896493,2025-02-16 15:20:58.020819
37.77541372298761,-122.41894445232296,2025-02-16 15:19:26.020819
37.77545136371885,-122.41923722770153,2025-02-16 15:22:49.020819
37.77546192084464,-122.41843316393258,2025-02-16 15:24:05.020819
37.775274085989615,-122.41885716746313,2025-02-16 15:19:09.020819
37.77534214278382,-122.41845130996384,2025-02-16 15:28:04.020819
37.77545201182002,-122.41865619392686,2025-02-16 15:18:23.020819
37.775484668388415,-122.4189904194892,2025-02-16 15:25:43.020819
37.77508300576325,-122.41909006665895,2025-02-16 15:26:29.020819
37.77544110343688,-122.41875507543517,2025-02-16 15:22:52.020819
37.77518303301723,-122.41926338741777,2025-02-16 15:21:14.020819
37.77491032270749,-122.41844049903912,2025-02-16 15:27:44.020819
37.7749092190024,-122.41926442732989,2025-02-16 15:24:52.020819
37.775295214362885,-122.41846136531932,2025-02-16 15:27:51.020819
37.77532339342494,-122.41885862589173,2025-02-16 15:23:54.020819
37.77513479856052,-122.41908224579751,2025-02-16 15:30:42.020819
37.77518062999003,-122.4188139918603,2025-02-16 15:30:28.020819
37.775456964937625,-122.41902093410313,2025-02-16 15:25:14.020819
37.77512775185515,-122.41841190604656,2025-02-16 15:28:14.020819
37.77517187143863,-122.41880019177964,2025-02-16 15:31:10.020819
37.775113817475855,-122.41891265061138,2025-02-16 15:27:30.020819
37.775377829427,-122.41853928833177,2025-02-16 15:28:19.020819
37.77506291598768,-122.4187305783263,2025-02-16 15:24:37.020819
37.77527966499893,-122.41908373600405,2025-02-16 15:29:49.020819
37.77490962728038,-122.4184058850927,2025-02-16 15:30:41.020819
37.77548429699842,-122.41882338126501,2025-02-16 15:24:20.020819
37.77527439094188,-122.41871405102135,2025-02-16 15:27:50.020819
37.77533747509441,-122.4185368984435,2025-02-16 15:21:26.020819
37.77531015098811,-122.41908886474022,2025-02-16 15:24:04.020819
37.77525378025375,-122.41896235332437,2025-02-16 15:29:29.020819
37.7752991196888,-122.41880659902233,2025-02-16 15:22:57.020819
37.77506388564867,-122.41892708642844,2025-02-16 15:18:26.020819
37.77536729963113,-122.41872623653289,2025-02-16 15:21:59.020819
37.775399467341366,-122.41901047644883,2025-02-16 15:27:39.020819
37.7753859018238,-122.41939932926661,2025-02-16 15:24:40.020819
37.774928576526314,-122.41842700014928,2025-02-16 15:20:59.020819
37.7749562710387,-122.41937662958809,2025-02-16 15:29:24.020819
37.77548493894651,-122.41908496995937,2025-02-16 15:30:44.020819
37.775054265180344,-122.41890096581899,2025-02-16 15:29:07.020819
37.774938014763165,-122.41938523533301,2025-02-16 15:22:47.020819
37.77544924696303,-122.4189787532338,2025-02-16 15:26:16.020819
37.774924403142236,-122.4192834505176,2025-02-16 15:21:40.020819
37.77522388562338,-122.41924968930807,2025-02-16 15:24:05.020819
37.77496504025777,-122.41896630243633,2025-02-16 15:18:30.020819
37.77548336999594,-122.41884382296908,2025-02-16 15:29:38.020819
37.775051697967456,-122.41856169310208,2025-02-16 15:17:45.020819
37.77502287374554,-122.4188852021715,2025-02-16 15:26:01.020819
37.77548849709455,-122.41870912397509,2025-02-16 15:29:46.020819
37.77497117463414,-122.41845198264234,2025-02-16 15:23:23.020819
37.77524793148697,-122.41928582407617,2025-02-16 15:21:24.020819
37.775256728944825,-122.41939164470138,2025-02-16 15:29:04.020819
37.77520319207329,-122.41926105294182,2025-02-16 15:29:03.020819
37.77516900335316,-122.41840913881924,2025-02-16 15:30:47.020819
37.77523828491358,-122.41841108988257,2025-02-16 15:26:13.020819
37.775368246628446,-122.41866057359753,2025-02-16 15:17:26.020819
37.77531000378785,-122.418916446117,2025-02-16 15:22:17.020819
37.77522365788743,-122.41890265528731,2025-02-16 15:20:49.020819
37.77506832645607,-122.41877746305823,2025-02-16 15:30:17.020819
37.775411481962664,-122.41875221578186,2025-02-16 15:19:47.020819
37.77541020160078,-122.4193308158099,2025-02-16 15:25:53.020819
37.77497499438078,-122.41882496546162,2025-02-16 15:29:29.020819
37.775265010349685,-122.41935485839454,2025-02-16 15:23:35.020819
37.77521407599793,-122.41938746628861,2025-02-16 15:20:25.020819
37.77497181212696,-122.41927640198628,2025-02-16 15:29:05.020819
37.77503631738893,-122.41906348458402,2025-02-16 15:21:51.020819
37.77510803185356,-122.41855617004141,2025-02-16 15:22:03.020819
37.775102224033304,-122.41864860456018,2025-02-16 15:20:35.020819
37.77494822050758,-122.41864886159831,2025-02-16 15:23:03.020819
37.775482120200515,-122.41911392118742,2025-02-16 15:22:37.020819
37.77499457978417,-122.41840390211897,2025-02-16 15:17:37.020819
37.77526606232379,-122.41893329040371,2025-02-16 15:23:17.020819
37.77549138181624,-122.41886435544393,2025-02-16 15:31:11.020819
37.775347809700165,-122.41890976615186,2025-02-16 15:20:34.020819
